City,State/Province
Alert, NT
Belleville, ON
Brandon, MB
Brantford, ON
Burlington, ONT
Calgary, AB
Charlottetown, PE
Churchill, MB
Dawson, YT
Edmonton, AB
Fredericton, NB
Guelph, ON
Halifax, NS
Hamilton, ON
Kingston, ON
Kitchener, ON
Lethbridge, AB
London, ON
Medicine Hat, AB
Moncton, NB
Montreal, QC
Moose Jaw, SK
Niagara Falls, ON
North Bay, ON
Ottawa, ON
Peterborough, ON
Prince Rupert, BC
Quebec City, QC
Regina, SK
Saint Catherines, ON
Saint John, NB
Saint John's, NF
Saskatoon, SK
Sault Ste Marie, ON
Sherbrooke, QC
Sudbury, ON
Syndey, NS
Thunder Bay, ON
Timmins, ON
Toronto, ON
Trois-Rivieres, QC
Vancouver, BC
Victoria, BC
Windsor, ON
Winnipeg, MB
Yellowknife, NT
